  ____           _
 |  _ \ ___  ___| |_ ___
 | |_) / _ \/ __| __/ __|
 |  __/ (_) \__ \ |_\__ \
 |_|   \___/|___/\__|___/
> These posts are mirrored from my HTTP site.


1personal	/categories/personal

1introduction	/categories/introduction

1hello	/categories/hello

1first-post	/categories/first-post

1security	/categories/security

1identity	/categories/identity

1gpg	/categories/gpg

1git	/categories/git

1webdev	/categories/webdev

1jamstack	/categories/jamstack

1gopher	/categories/gopher

1gemini	/categories/gemini

1blog	/categories/blog

1SIGCOMM	/categories/sigcomm

1meta	/categories/meta

1ACM SIGCOMM	/categories/acm-sigcomm

1ACM	/categories/acm

1machine learning architecture	/categories/machine-learning-architecture

1machine learning	/categories/machine-learning

1ImageNet	/categories/imagenet

1GPU	/categories/gpu

1deep learning	/categories/deep-learning

1systems	/categories/systems

1HPC	/categories/hpc

1high performance computing	/categories/high-performance-computing

1architecture	/categories/architecture

1theory	/categories/theory

1learning theory	/categories/learning-theory

1text categorization	/categories/text-categorization

1SVM	/categories/svm

1applications	/categories/applications

1SVMs	/categories/svms

1ml	/categories/ml

1implementation	/categories/implementation

1object detection	/categories/object-detection

1DL	/categories/dl

1CNN	/categories/cnn

1class activation mapping	/categories/class-activation-mapping

1cam	/categories/cam

1face detection	/categories/face-detection

1CV	/categories/cv

1computer vision	/categories/computer-vision

1survey	/categories/survey

1quality	/categories/quality

1productivity	/categories/productivity

1microsoft	/categories/microsoft

1managers	/categories/managers

1developers	/categories/developers

1supply chains	/categories/supply-chains

1summary	/categories/summary

1software engineering	/categories/software-engineering

1software	/categories/software

1SE	/categories/se

1reuse	/categories/reuse

1npm	/categories/npm


.
